original_concept_id,original_code,original_name,original_vocab,snomed_concept_id,snomed_concept_code,snomed_concept_name,snomed_vocab,mapping_relationship,frequency
3195542,27320001000004102,Advance directive not in chart,Nebraska Lexicon,4151021,310301000,Advanced directive status,SNOMED,Is a,32507
3173773,3330001000004107,Family history of uterine cancer,Nebraska Lexicon,4050798,160299006,FH: neoplasm of uterus,SNOMED,Subsumes,1165
3187032,26810001000004106,Family history of cerebral aneurysm,Nebraska Lexicon,4148407,266894000,FH: Cardiovascular disease,SNOMED,Is a,1044
3183518,3050001000004105,Family history of melanoma,Nebraska Lexicon,4171594,275937001,Family history of malignant neoplasm,SNOMED,Is a,623
45946744,162542,Adhesive tape,CIEL,4225586,84756000,Adhesive tape,SNOMED,Maps to,603
3169404,12740001000004102,Family history of pulmonary embolism,Nebraska Lexicon,4148407,266894000,FH: Cardiovascular disease,SNOMED,Subsumes,432
3169855,3140001000004100,Family history of brain aneurysm,Nebraska Lexicon,4148407,266894000,FH: Cardiovascular disease,SNOMED,Subsumes,416
3186046,9030001000004108,Family history of thyroid cancer,Nebraska Lexicon,4171594,275937001,Family history of malignant neoplasm,SNOMED,Is a,415
3183101,3480001000004107,Family history of cervical cancer,Nebraska Lexicon,4053374,160298003,FH: neoplasm of cervix,SNOMED,Is a,414
3168373,3070001000004108,Family history of colon polyps,Nebraska Lexicon,4144262,266883004,Family history of neoplasm,SNOMED,Subsumes,393
3265453,260152009,Cat dander,Nebraska Lexicon,4125384,260152009,Cat dander,SNOMED,Maps to,203
3225200,75413007,Peanut,Nebraska Lexicon,4328724,75413007,Arachis hypogaea,SNOMED,Maps to,188
45951856,162539,Mold,CIEL,4224654,84489001,Mold,SNOMED,Maps to,166
3171243,3430001000004100,Family history of testicular cancer,Nebraska Lexicon,4144262,266883004,Family history of neoplasm,SNOMED,Subsumes,146
3053893,89811004,Gluten,Nebraska Lexicon,4231692,89811004,Gluten,SNOMED,Maps to,135
3341086,260154005,Dog dander,Nebraska Lexicon,4128602,260154005,Dog dander,SNOMED,Maps to,100
3421369,442571000124108,Tree nut,Nebraska Lexicon,36713251,442571000124108,Tree nut,SNOMED,Maps to,95
3354837,256307007,Banana,Nebraska Lexicon,4106295,256307007,Banana,SNOMED,Maps to,67
40192479,SDOH_45,Mold,PPI,37117131,16090331000119101,Exposure to mold,SNOMED,Maps to,166
3334607,256277009,Grass pollen,Nebraska Lexicon,4117479,256277009,Grass pollen,SNOMED,Maps to,67
3353751,256313003,Pineapple,Nebraska Lexicon,4106297,256313003,Pineapple,SNOMED,Maps to,53
3173276,20680001000004108,Family history of Addison's disease,Nebraska Lexicon,4050799,160301004,Family history of endocrine disorders,SNOMED,Subsumes,52
3395358,128488006,House dust,Nebraska Lexicon,4027234,128488006,House dust,SNOMED,Maps to,51
3214009,734881000,Tomato,Nebraska Lexicon,42536194,734881000,Tomato,SNOMED,Maps to,43
3054152,55242003,Tomato,Nebraska Lexicon,4208416,55242003,Lycopersicon esculentum,SNOMED,Maps to,43
3291917,735045008,Mushroom,Nebraska Lexicon,42536301,735045008,Mushroom,SNOMED,Maps to,42
3223094,735211005,Coconut,Nebraska Lexicon,42536405,735211005,Coconut,SNOMED,Maps to,42
45951470,162177,Wheat,CIEL,4261709,412071004,Wheat,SNOMED,Maps to,41
3379579,65256004,Wheat,Nebraska Lexicon,4278230,65256004,Triticum aestivum - wheat,SNOMED,Maps to,41
3294778,6788000,Wheat,Nebraska Lexicon,4194764,6788000,Triticum - wheat,SNOMED,Maps to,41
3175262,412071004,Wheat,Nebraska Lexicon,4261709,412071004,Wheat,SNOMED,Maps to,41
3283208,69334009,Ragweed,Nebraska Lexicon,4239367,69334009,Ambrosia,SNOMED,Maps to,40
2618150,H1000,"Prenatal care, at-risk assessment",HCPCS,4024608,225314003,Risk management,SNOMED,Is a,38
43533367,G8981,"Changing & maintaining body position functional limitation, current status, at therapy episode outset and at reporting intervals (Deprecated)",HCPCS,4041848,229824005,Positioning patient,SNOMED,Subsumes,35
3190203,3190001000004107,Family history of retinitis pigmentosa,Nebraska Lexicon,4050813,160346003,FH: Eye disorder,SNOMED,Is a,33
953288,G2012,"Brief communication technology-based service, e.g. virtual check-in, by a physician or other qualified health care professional who can report evaluation and management services, provided to an established patient, not originating from a r... (Deprecated)",HCPCS,4088561,185316007,Indirect encounter,SNOMED,Is a,32
3302493,735047000,Onion,Nebraska Lexicon,42539479,735047000,Onion,SNOMED,Maps to,30
3250324,2447002,Corn,Nebraska Lexicon,4087403,2447002,Zea - corn,SNOMED,Maps to,30
3216763,80397000,Onion,Nebraska Lexicon,4213608,80397000,Allium cepa,SNOMED,Maps to,30
45441520,1151.00,No known allergies,Read,37396387,716186003,No known allergy,SNOMED,Maps to,29
3412164,260147004,House dust mite,Nebraska Lexicon,4125382,260147004,House dust mite,SNOMED,Maps to,29
3302473,264287008,Animal dander,Nebraska Lexicon,4138133,264287008,Animal dander,SNOMED,Maps to,29
43533325,G8982,"Changing & maintaining body position functional limitation, projected goal status, at therapy episode outset, at reporting intervals, and at discharge or to end reporting (Deprecated)",HCPCS,4041848,229824005,Positioning patient,SNOMED,Subsumes,24
3356622,735249009,Avocado,Nebraska Lexicon,42536428,735249009,Avocado,SNOMED,Maps to,24
3293343,28140004,Avocado,Nebraska Lexicon,4151052,28140004,Persea americana,SNOMED,Maps to,24
3249451,75665004,Monosodium glutamate,Nebraska Lexicon,4192848,75665004,Monosodium glutamate,SNOMED,Maps to,24
3273932,735049002,Peach,Nebraska Lexicon,42536304,735049002,Peach,SNOMED,Maps to,23
3233333,75618005,Peach,Nebraska Lexicon,4328090,75618005,Prunus persica,SNOMED,Maps to,23
3337994,88161000,Mango,Nebraska Lexicon,4339307,88161000,Mangifera indica,SNOMED,Maps to,22
3275426,418785009,Perfume,Nebraska Lexicon,4303397,418785009,Perfume,SNOMED,Maps to,21
3388694,256260009,Tree and shrub pollen,Nebraska Lexicon,4114081,256260009,Tree and shrub pollen,SNOMED,Maps to,20
3317964,406951002,Silver,Nebraska Lexicon,4249532,406951002,Silver stain,SNOMED,Maps to,20
3338194,735215001,Apple,Nebraska Lexicon,42536408,735215001,Apple,SNOMED,Maps to,19
3334311,46051000,Apple,Nebraska Lexicon,4263597,46051000,Malus,SNOMED,Maps to,19
3351196,260177005,Melon,Nebraska Lexicon,4125392,260177005,Melon,SNOMED,Maps to,18
3337473,59627001,Garlic,Nebraska Lexicon,4245761,59627001,Allium ameloprasum,SNOMED,Maps to,18
3315834,735030001,Garlic,Nebraska Lexicon,42536289,735030001,Garlic,SNOMED,Maps to,18
3330269,69240000,Walnut,Nebraska Lexicon,4238863,69240000,Juglans,SNOMED,Maps to,15
3281207,102264005,Cheese,Nebraska Lexicon,4008485,102264005,Cheese,SNOMED,Maps to,15
3173963,227598003,Honey,Nebraska Lexicon,4028010,227598003,Honey,SNOMED,Maps to,15
3291984,256303006,Ragweed pollen,Nebraska Lexicon,4103592,256303006,Ragweed pollen,SNOMED,Maps to,14
3174454,227388008,Cinnamon,Nebraska Lexicon,4027831,227388008,Cinnamon,SNOMED,Maps to,14
3219155,419420009,Watermelon,Nebraska Lexicon,4304100,419420009,Watermelon,SNOMED,Maps to,13
3397045,736159005,Crab,Nebraska Lexicon,42537048,736159005,Crab,SNOMED,Maps to,12
3231249,419604006,Weed pollen,Nebraska Lexicon,4304558,419604006,Weed pollen,SNOMED,Maps to,12
3378058,412062008,Cantaloupe,Nebraska Lexicon,4258933,412062008,Cantaloupe,SNOMED,Maps to,11
3342566,256417003,Horse dander,Nebraska Lexicon,4103794,256417003,Horse dander,SNOMED,Maps to,11
3189807,446275006,Laundry detergent,Nebraska Lexicon,40486992,446275006,Laundry detergent,SNOMED,Maps to,11
3182975,256443002,Egg white,Nebraska Lexicon,4103922,256443002,Egg white,SNOMED,Maps to,11
3391228,103442008,Haemophilus influenzae type b,Nebraska Lexicon,4013412,103442008,Haemophilus influenzae type b,SNOMED,Maps to,10
3250424,73622002,Cherry,Nebraska Lexicon,4249182,73622002,Prunus cerasus,SNOMED,Maps to,10
3221457,256319004,Carrot,Nebraska Lexicon,4106300,256319004,Carrot,SNOMED,Maps to,10
3380437,412161004,Wool,Nebraska Lexicon,4135901,412161004,Wool,SNOMED,Maps to,9
3346054,735123009,Broccoli,Nebraska Lexicon,42536344,735123009,Broccoli,SNOMED,Maps to,9
3336475,256435007,Feathers,Nebraska Lexicon,4107479,256435007,Feather,SNOMED,Maps to,9
3277041,1007001,Broccoli,Nebraska Lexicon,4002790,1007001,Brassica oleracea,SNOMED,Maps to,9
3268418,260167008,Sesame seed,Nebraska Lexicon,4125389,260167008,Sesame seed,SNOMED,Maps to,9
3324279,256315005,Grapefruit,Nebraska Lexicon,4103594,256315005,Grapefruit,SNOMED,Maps to,8
3234870,901000161107,Cocoa,Nebraska Lexicon,764951,901000161107,Cocoa,SNOMED,Maps to,8
42596056,30771000009100,Shellfish,SNOMED Veterinary,4183412,54787006,Shellfish,SNOMED,Maps to,7
3373587,54803003,Cucumber,Nebraska Lexicon,4183007,54803003,Cucumis,SNOMED,Maps to,7
3343730,735029006,Shellfish,Nebraska Lexicon,42536288,735029006,Shellfish,SNOMED,Maps to,7
3333890,54787006,Shellfish,Nebraska Lexicon,4183412,54787006,Shellfish,SNOMED,Maps to,7
3282620,735213008,Cucumber,Nebraska Lexicon,42536406,735213008,Cucumber,SNOMED,Maps to,7
3279921,25352004,Pear,Nebraska Lexicon,4101623,25352004,Pear,SNOMED,Maps to,7
3053724,735050002,Pear,Nebraska Lexicon,42536305,735050002,Pear,SNOMED,Maps to,7
3384872,735214002,Apricot,Nebraska Lexicon,42536407,735214002,Apricot,SNOMED,Maps to,6
3384293,15784008,Apricot,Nebraska Lexicon,4049301,15784008,Prunus armeniaca,SNOMED,Maps to,6
3307520,26949008,Oats,Nebraska Lexicon,4098704,26949008,Avena,SNOMED,Maps to,6
3248051,735336002,Cauliflower,Nebraska Lexicon,42539023,735336002,Cauliflower,SNOMED,Maps to,6
3214027,9424004,Oats,Nebraska Lexicon,4246456,9424004,Cultivated oat,SNOMED,Maps to,6
3054004,418504009,Oats,Nebraska Lexicon,4303810,418504009,Oat,SNOMED,Maps to,6
1353228,42954,vitamin B6,RxNorm,37312705,787979009,Cyanocobalamin- and folic acid- and pyridoxine-containing product,SNOMED,Maps to,6
3411627,21655001,Senna,Nebraska Lexicon,4070772,21655001,Cassia acutifolia,SNOMED,Maps to,5
3393098,227400003,Ginger,Nebraska Lexicon,4039032,227400003,Ginger,SNOMED,Maps to,5
3383107,735124003,Barley,Nebraska Lexicon,42539513,735124003,Barley,SNOMED,Maps to,5
3356130,256354006,Bean,Nebraska Lexicon,4103602,256354006,Bean,SNOMED,Maps to,5
3349410,256442007,Egg yolk,Nebraska Lexicon,4103921,256442007,Egg yolk,SNOMED,Maps to,5
3290446,226770007,Whey,Nebraska Lexicon,4025779,226770007,Whey,SNOMED,Maps to,5
3284005,67324005,Rice,Nebraska Lexicon,4284846,67324005,Rice,SNOMED,Maps to,5
3272120,62093005,Yeast,Nebraska Lexicon,4265186,62093005,Yeast,SNOMED,Maps to,5
3270382,280939008,Insect venom,Nebraska Lexicon,4091698,280939008,Insect venom,SNOMED,Maps to,5
3269891,227218003,Asparagus,Nebraska Lexicon,4037453,227218003,Asparagus,SNOMED,Maps to,5
3259164,256329006,Spinach,Nebraska Lexicon,4103779,256329006,Spinach,SNOMED,Maps to,5
3253901,2003004,Barley,Nebraska Lexicon,4066239,2003004,Hordeum,SNOMED,Maps to,5
43533181,G8983,"Changing & maintaining body position functional limitation, discharge status, at discharge from therapy or to end reporting (Deprecated)",HCPCS,4041848,229824005,Positioning patient,SNOMED,Subsumes,4
3442047,29263009,Coffee,Nebraska Lexicon,4162308,29263009,Coffee,SNOMED,Maps to,4
3389786,16326002,Aloe,Nebraska Lexicon,4038914,16326002,Aloe,SNOMED,Maps to,4
3353882,726750009,Rhubarb,Nebraska Lexicon,37111682,726750009,Rhubarb,SNOMED,Maps to,4
3339138,72903004,Rhubarb,Nebraska Lexicon,4217986,72903004,Rheum rhaponicum,SNOMED,Maps to,4
3333478,260205009,Sunflower seed,Nebraska Lexicon,4125398,260205009,Sunflower seed,SNOMED,Maps to,4
3278683,227150003,Mussels,Nebraska Lexicon,4026892,227150003,Mussel,SNOMED,Maps to,4
3265663,32354004,Eucalyptus,Nebraska Lexicon,4137928,32354004,Eucalyptus,SNOMED,Maps to,4
3184446,102408007,Cigarette smoke,Nebraska Lexicon,4010323,102408007,Cigarette smoke,SNOMED,Maps to,4
3183247,256326004,Celery,Nebraska Lexicon,4104625,256326004,Celery,SNOMED,Maps to,4
42596015,30731000009102,Turkey,SNOMED Veterinary,4245370,396529002,Meleagris - turkeys,SNOMED,Is a,3
3405059,10646007,Buckwheat,Nebraska Lexicon,4024333,10646007,Fagopyrum esculentum,SNOMED,Maps to,3
3397006,51905005,Mustard,Nebraska Lexicon,4202198,51905005,Mustard,SNOMED,Maps to,3
3360542,735108004,Cabbage,Nebraska Lexicon,42536335,735108004,Cabbage,SNOMED,Maps to,3
3356075,735053000,Potato,Nebraska Lexicon,42536307,735053000,Potato,SNOMED,Maps to,3
3350400,227441008,Pomegranate,Nebraska Lexicon,4027962,227441008,Pomegranate,SNOMED,Maps to,3
3295932,103584003,Papaya,Nebraska Lexicon,4013438,103584003,Carica papaya - papaya,SNOMED,Maps to,3
3295604,1590002,Potato,Nebraska Lexicon,4050520,1590002,Irish potato,SNOMED,Maps to,3
3286045,227410007,Rosemary,Nebraska Lexicon,4026199,227410007,Rosemary,SNOMED,Maps to,3
3265665,735340006,Lemon,Nebraska Lexicon,42536454,735340006,Lemon,SNOMED,Maps to,3
3251019,50593009,Casein,Nebraska Lexicon,4177499,50593009,Casein,SNOMED,Maps to,3
3232858,16719004,Flowers,Nebraska Lexicon,4042227,16719004,Flowers,SNOMED,Maps to,3
3218615,125706008,Sodium benzoate,Nebraska Lexicon,4053618,125706008,Sodium benzoate,SNOMED,Maps to,3
3054065,103589008,Lemon,Nebraska Lexicon,4013888,103589008,Citrus limon,SNOMED,Maps to,3
40217302,G1004,"Clinical decision support mechanism national decision support company, as defined by the medicare appropriate use criteria program",HCPCS,44807134,815751000000108,Shared decision making with decision support,SNOMED,Subsumes,2
3410182,447761000124107,Fabric softener,Nebraska Lexicon,763851,447761000124107,Fabric softener,SNOMED,Maps to,2
3404057,10083006,Marijuana,Nebraska Lexicon,4004259,10083006,Cannabis sativa,SNOMED,Maps to,2
3395433,288326000,Hornet venom,Nebraska Lexicon,4126083,288326000,Hornet venom,SNOMED,Maps to,2
3382890,227549007,Mayonnaise,Nebraska Lexicon,4027997,227549007,Mayonnaise,SNOMED,Maps to,2
3372048,103596005,Mint,Nebraska Lexicon,4013441,103596005,Mentha,SNOMED,Maps to,2
3370524,227350006,Lentils,Nebraska Lexicon,4025400,227350006,Lentils,SNOMED,Maps to,2
3369953,303315009,Spider venom,Nebraska Lexicon,4122629,303315009,Spider venom,SNOMED,Maps to,2
3348342,735046009,Nutmeg,Nebraska Lexicon,42536302,735046009,Nutmeg,SNOMED,Maps to,2
3334738,103599003,Peppermint,Nebraska Lexicon,4013444,103599003,Mentha piperita,SNOMED,Maps to,2
3293656,735051003,Plum,Nebraska Lexicon,42536306,735051003,Plum,SNOMED,Maps to,2
3293251,8206006,Nutmeg,Nebraska Lexicon,4219373,8206006,Myristica fragrans,SNOMED,Maps to,2
3256285,314115004,Raw vegetable,Nebraska Lexicon,4193035,314115004,Raw vegetable,SNOMED,Maps to,2
3214268,256325000,Radish,Nebraska Lexicon,4103596,256325000,Radish,SNOMED,Maps to,2
3213803,227411006,Sage,Nebraska Lexicon,4027958,227411006,Sage,SNOMED,Maps to,2
3182081,710178007,Flaxseed,Nebraska Lexicon,46271909,710178007,Linseed,SNOMED,Maps to,2
3173578,227408005,Paprika,Nebraska Lexicon,4026198,227408005,Paprika,SNOMED,Maps to,2
3054086,412156001,Silk,Nebraska Lexicon,4259065,412156001,Silk,SNOMED,Maps to,2
3054005,1785003,Plum,Nebraska Lexicon,4075576,1785003,Prunus domestica,SNOMED,Maps to,2
724904,213,"SARS-COV-2 (COVID-19) vaccine, UNSPECIFIED",CVX,37155722,30141000087107,SARS-CoV-2 virus-like particle antigen vaccine,SNOMED,Maps to,1
3517568,734577006,C1 esterase inhibitor,Nebraska Lexicon,42536008,734577006,C1 esterase inhibitor,SNOMED,Maps to,1
3417744,54688007,Fire ant,Nebraska Lexicon,4183294,54688007,Fire ant,SNOMED,Maps to,1
3389675,227413009,Thyme,Nebraska Lexicon,4025417,227413009,Thyme,SNOMED,Maps to,1
3377465,735010000,Saffron,Nebraska Lexicon,42536275,735010000,Saffron,SNOMED,Maps to,1
3358992,18424005,Alfalfa,Nebraska Lexicon,4086467,18424005,Medicago sativa,SNOMED,Maps to,1
3330039,227435001,Nectarine,Nebraska Lexicon,4039038,227435001,Nectarine,SNOMED,Maps to,1
3328638,227377002,Asafetida,Nebraska Lexicon,4027826,227377002,Asafetida,SNOMED,Maps to,1
3319596,412060000,Black pepper,Nebraska Lexicon,4135798,412060000,Black pepper,SNOMED,Maps to,1
3308175,227254004,Okra,Nebraska Lexicon,4025075,227254004,Okra,SNOMED,Maps to,1
3288153,735048005,Parsley,Nebraska Lexicon,42536303,735048005,Parsley,SNOMED,Maps to,1
3281411,256351003,Brazil nut,Nebraska Lexicon,4106306,256351003,Brazil nut,SNOMED,Maps to,1
3263784,229944000,Wheat flour,Nebraska Lexicon,4044740,229944000,Wheat flour,SNOMED,Maps to,1
3245788,716624002,Alfalfa,Nebraska Lexicon,37396718,716624002,Alfalfa,SNOMED,Maps to,1
3237999,7852009,Lima bean,Nebraska Lexicon,4302743,7852009,Lima bean,SNOMED,Maps to,1
3237058,88818001,Rabbit,Nebraska Lexicon,4228075,88818001,Rabbit,SNOMED,Maps to,1
3236473,243678009,Crayfish,Nebraska Lexicon,4085772,243678009,Crayfish,SNOMED,Maps to,1
3228311,735972003,Crayfish,Nebraska Lexicon,42536928,735972003,Crayfish,SNOMED,Maps to,1
3228070,59545008,Pesticide,Nebraska Lexicon,4245743,59545008,Pesticide,SNOMED,Maps to,1
3227723,259100002,Gamma-aminobutyric acid,Nebraska Lexicon,4123523,259100002,Gamma-aminobutyric acid,SNOMED,Maps to,1
3226916,227260004,Pumpkin,Nebraska Lexicon,4025266,227260004,Pumpkin,SNOMED,Maps to,1
3223062,227414003,Turmeric,Nebraska Lexicon,4025418,227414003,Turmeric,SNOMED,Maps to,1
3222488,710318008,Lactobacillus,Nebraska Lexicon,46272024,710318008,Lactobacillus,SNOMED,Maps to,1
3215958,103597001,Spearmint,Nebraska Lexicon,4013442,103597001,Mentha spicata,SNOMED,Maps to,1
3176911,90563009,Juniper,Nebraska Lexicon,4235129,90563009,Juniperus,SNOMED,Maps to,1
2617334,G0249,"Provision of test materials and equipment for home inr monitoring of patient with either mechanical heart valve(s), chronic atrial fibrillation, or venous thromboembolism who meets medicare coverage criteria; includes: provision of materials for use in...",HCPCS,4204919,439202006,Monitoring of international normalized ratio,SNOMED,Subsumes,1
38002161,0738,Rasburicase,APC,4216952,395858003,Rasburicase,SNOMED,Maps to,6
38002751,7035,Teniposide,APC,4299061,387460005,Teniposide,SNOMED,Maps to,1
38002644,1683,Basiliximab,APC,4305237,386978004,Basiliximab,SNOMED,Maps to,1
1340204,OMOP5165859,History of event,OMOP Extension,4025368,,General information qualifier,SNOMED,Subsumes,6084327
903652,OMOP5181832,Findings of tobacco or its derivatives use or exposure,OMOP Extension,4005823,,Tobacco user,SNOMED,Maps to,3013420
903654,OMOP5181835,Tobacco or its derivatives user,OMOP Extension,4005823,,Tobacco user,SNOMED,Maps to,72597
903657,OMOP5181838,Cigarette smoker,OMOP Extension,40299108,,Cigarette smoker,SNOMED,Maps to,65088
704996,OMOP4912978,Patient meets COVID-19 laboratory diagnostic criteria,OMOP Extension,703441,,COVID-19 confirmed by laboratory test,SNOMED,Maps to,22363
903656,OMOP5181837,Passive smoker,OMOP Extension,40298675,,Passive smoker,SNOMED,Maps to,1056
903667,OMOP5181849,Chewing tobacco user,OMOP Extension,40562282,,Chews tobacco,SNOMED,Maps to,565
903659,OMOP5181840,Light cigarette smoker (1-9 cigarettes per day),OMOP Extension,40298659,,Light cigarette smoker (1-9 cigs/day),SNOMED,Maps to,140
903661,OMOP5181842,Heavy cigarette smoker (20-39 cigarettes per day),OMOP Extension,40298661,,Heavy cigarette smoker (20-39 cigs/day),SNOMED,Maps to,108
903664,OMOP5181846,Cigar smoker,OMOP Extension,40298676,,Cigar smoker,SNOMED,Maps to,68
903666,OMOP5181848,Smokeless tobacco user,OMOP Extension,37017610,,User of smokeless tobacco,SNOMED,Maps to,33
903668,OMOP5181850,Snuff user,OMOP Extension,4043053,,Snuff user,SNOMED,Maps to,20
903660,OMOP5181841,Moderate cigarette smoker (10-19 cigarettes per day),OMOP Extension,40298660,,Moderate cigarette smoker (10-19 cigs/day),SNOMED,Maps to,20
903663,OMOP5181845,Pipe smoker,OMOP Extension,40298674,,Pipe smoker,SNOMED,Maps to,12
903653,OMOP5181834,Never used tobacco or its derivatives,OMOP Extension,45765920,,Never used tobacco,SNOMED,Maps to,3
19392130,D008892,Milk,MeSH,4323432,,Milk,SNOMED,Exact name match,99
19395127,D015363,Quinolones,MeSH,40459042,,Quinolones,SNOMED,Exact name match,46
19416298,C010882,chlorhexidine gluconate,MeSH,4032059,,Chlorhexidine gluconate,SNOMED,Exact name match,40
19394455,D013754,Tetracyclines,MeSH,40534548,,Tetracyclines,SNOMED,Exact name match,36
19424598,C040738,cefuroxime axetil,MeSH,4232770,,Cefuroxime axetil,SNOMED,Exact name match,29
19473919,D000068718,Rosuvastatin Calcium,MeSH,4227704,,Rosuvastatin calcium,SNOMED,Exact name match,25
19390742,D005737,Garlic,MeSH,42536289,,Garlic,SNOMED,Exact name match,18
45618199,D014635,Valproic Acid,MeSH,4305262,,Valproic acid,SNOMED,Exact name match,17
19389257,D002611,Cheese,MeSH,4008485,,Cheese,SNOMED,Exact name match,15
19391194,D006722,Honey,MeSH,4028010,,Honey,SNOMED,Exact name match,15
19299161,C433085,ragweed pollen,MeSH,4103592,,Ragweed pollen,SNOMED,Exact name match,14
45617153,D019818,Clavulanic Acid,MeSH,4193945,,Clavulanic acid,SNOMED,Exact name match,12
19390184,D004529,Egg White,MeSH,4103922,,Egg white,SNOMED,Exact name match,11
19473999,D000069447,Tiotropium Bromide,MeSH,4140913,,Tiotropium bromide,SNOMED,Exact name match,10
19394965,D014935,Wool,MeSH,4135901,,Wool,SNOMED,Exact name match,9
19411869,C000711671,enoxaparin sodium,MeSH,4031593,,Enoxaparin sodium,SNOMED,Exact name match,7
19393994,D012758,Shellfish,MeSH,4183412,,Shellfish,SNOMED,Exact name match,7
19475097,D013743,Tetanus Antitoxin,MeSH,4145859,,Tetanus antitoxin,SNOMED,Exact name match,7
19438559,C084813,propoxyphene napsylate,MeSH,4134525,,Propoxyphene napsylate,SNOMED,Exact name match,6
19438468,C084582,clemizole,MeSH,4134581,,Clemizole,SNOMED,Exact name match,6
19415042,C007084,clindamycin phosphate,MeSH,4293596,,Clindamycin phosphate,SNOMED,Exact name match,6
19475897,D061267,Insulin Aspart,MeSH,4139431,,Insulin aspart,SNOMED,Exact name match,6
19390185,D004530,Egg Yolk,MeSH,4103921,,Egg yolk,SNOMED,Exact name match,5
19386333,D000067796,Whey,MeSH,4025779,,Whey,SNOMED,Exact name match,5
19474536,D005446,Fluocinolone Acetonide,MeSH,4217134,,Fluocinolone acetonide,SNOMED,Exact name match,4
19390406,D005052,Eucalyptus,MeSH,4137928,,Eucalyptus,SNOMED,Exact name match,4
19389491,D003069,Coffee,MeSH,4162308,,Coffee,SNOMED,Exact name match,4
19388295,D000504,Aloe,MeSH,4038914,,Aloe,SNOMED,Exact name match,4
19473981,D000068557,Olmesartan Medoxomil,MeSH,4136021,,Olmesartan medoxomil,SNOMED,Exact name match,3
19415972,C009935,prednisolone acetate,MeSH,4320367,,Prednisolone acetate,SNOMED,Exact name match,3
19473980,D000068438,Brimonidine Tartrate,MeSH,40280082,,Brimonidine tartrate,SNOMED,Exact name match,3
19399119,D035264,Flowers,MeSH,4042227,,Flowers,SNOMED,Exact name match,3
19473983,D000068677,Sildenafil Citrate,MeSH,4032406,,Sildenafil citrate,SNOMED,Exact name match,3
45614260,D006024,Glycopyrrolate,MeSH,4304294,,Glycopyrrolate,SNOMED,Exact name match,3
19473995,D000069348,Quetiapine Fumarate,MeSH,4029048,,Quetiapine fumarate,SNOMED,Exact name match,3
19475527,D020160,Sodium Benzoate,MeSH,4053618,,Sodium benzoate,SNOMED,Exact name match,3
19393250,D011200,Poultry,MeSH,4151383,,Poultry,SNOMED,Exact name match,2
19395004,D015014,Yogurt,MeSH,4026735,,Yogurt,SNOMED,Exact name match,2
979843,C000614965,Iodine-131,MeSH,4028983,,Iodine-131,SNOMED,Exact name match,2
19473991,D000068900,Sitagliptin Phosphate,MeSH,4137858,,Sitagliptin phosphate,SNOMED,Exact name match,2
19432081,C062843,carboprost tromethamine,MeSH,4032093,,Carboprost tromethamine,SNOMED,Exact name match,2
19474490,D004659,Enbucrilate,MeSH,4237636,,Enbucrilate,SNOMED,Exact name match,2
19475652,D047011,Silk,MeSH,4259065,,Silk,SNOMED,Exact name match,2
45614535,D013011,Sorbic Acid,MeSH,4154902,,Sorbic acid,SNOMED,Exact name match,2
45615928,D019817,Benzoic Acid,MeSH,40351141,,Benzoic acid,SNOMED,Exact name match,2
19436583,C077793,candesartan cilexetil,MeSH,4297532,,Candesartan cilexetil,SNOMED,Exact name match,2
19416497,C011462,erythromycin stearate,MeSH,4309115,,Erythromycin stearate,SNOMED,Exact name match,1
19428875,C053267,cefpodoxime proxetil,MeSH,4320182,,Cefpodoxime proxetil,SNOMED,Exact name match,1
19420916,C029424,hydrazine,MeSH,4146805,,Hydrazine,SNOMED,Exact name match,1
19420359,C027556,histamine phosphate,MeSH,4309858,,Histamine phosphate,SNOMED,Exact name match,1
19418212,C017610,fluphenazine enanthate,MeSH,4006822,,Fluphenazine enanthate,SNOMED,Exact name match,1
19417969,C016713,quinidine gluconate,MeSH,4300855,,Quinidine gluconate,SNOMED,Exact name match,1
19392873,D010405,Penicillinase,MeSH,4234582,,Penicillinase,SNOMED,Exact name match,1
19414564,C005900,triamcinolone hexacetonide,MeSH,4134531,,Triamcinolone hexacetonide,SNOMED,Exact name match,1
19414225,C004648,testosterone enanthate,MeSH,4023390,,Testosterone enanthate,SNOMED,Exact name match,1
19408202,C000615114,Thallium-201,MeSH,4247145,,Thallium-201,SNOMED,Exact name match,1
19460486,C473384,lumiracoxib,MeSH,4322104,,Lumiracoxib,SNOMED,Exact name match,1
19430293,C057710,cefditoren pivoxil,MeSH,4156401,,Cefditoren pivoxil,SNOMED,Exact name match,1
19474686,D007372,Interferons,MeSH,40526755,,Interferons,SNOMED,Exact name match,1
19465798,C542859,aclidinium bromide,MeSH,45766700,,Aclidinium bromide,SNOMED,Exact name match,1
19473982,D000068656,Mometasone Furoate,MeSH,4193809,,Mometasone furoate,SNOMED,Exact name match,1
46256318,D010931,Plague Vaccine,MeSH,4043015,,Plague vaccine,SNOMED,Exact name match,1
45616692,D007778,Lactobacillus,MeSH,4185121,,Lactobacillus,SNOMED,Exact name match,1
45615506,D006820,Hyaluronic Acid,MeSH,4243930,,Hyaluronic acid,SNOMED,Exact name match,1
45613079,D007485,Ioxaglic Acid,MeSH,35625974,,Ioxaglic acid,SNOMED,Exact name match,1
45610500,D004205,Cromolyn Sodium,MeSH,4298924,,Cromolyn sodium,SNOMED,Exact name match,1
19474803,D009268,Nalidixic Acid,MeSH,4299023,,Nalidixic acid,SNOMED,Exact name match,1
19474551,D005680,gamma-Aminobutyric Acid,MeSH,4123523,,Gamma-aminobutyric acid,SNOMED,Exact name match,1
19474061,D000077557,Ibandronic Acid,MeSH,4225166,,Ibandronic acid,SNOMED,Exact name match,1
19474003,D000069468,Desvenlafaxine Succinate,MeSH,4198916,,Desvenlafaxine succinate,SNOMED,Exact name match,1
19473998,D000069446,Atazanavir Sulfate,MeSH,40577337,,Atazanavir sulfate,SNOMED,Exact name match,1
19473984,D000068717,Glatiramer Acetate,MeSH,4032572,,Glatiramer acetate,SNOMED,Exact name match,1
35822237,744-1140882498,penicillin,UK Biobank,35622457,,Penicillin,SNOMED,Exact name match,1672
35822236,4-1140882498,penicillin,UK Biobank,35622457,,Penicillin,SNOMED,Exact name match,1672
35817343,100688-4,Codeine,UK Biobank,4307012,,Codeine,SNOMED,Exact name match,799
35817342,4-1140884444,codeine,UK Biobank,4307012,,Codeine,SNOMED,Exact name match,799
35820395,4-1140860696,lisinopril,UK Biobank,4305091,,Lisinopril,SNOMED,Exact name match,795
35821057,4-1140871692,morphine,UK Biobank,4189449,,Morphine,SNOMED,Exact name match,758
35815792,744-1141180226,amoxicillin,UK Biobank,4156860,,Amoxicillin,SNOMED,Exact name match,634
35815791,4-1141180226,amoxicillin,UK Biobank,4156860,,Amoxicillin,SNOMED,Exact name match,634
35816080,100688-1,Aspirin,UK Biobank,4306886,,Aspirin,SNOMED,Exact name match,479
35816079,100628-1,Aspirin,UK Biobank,4306886,,Aspirin,SNOMED,Exact name match,479
35816078,4-1140868226,aspirin,UK Biobank,4306886,,Aspirin,SNOMED,Exact name match,479
35817196,744-1140874138,ciprofloxacin,UK Biobank,4187588,,Ciprofloxacin,SNOMED,Exact name match,470
35817195,4-1140874138,ciprofloxacin,UK Biobank,4187588,,Ciprofloxacin,SNOMED,Exact name match,470
35820334,744-1141162668,levofloxacin,UK Biobank,4299172,,Levofloxacin,SNOMED,Exact name match,448
35820333,4-1141162668,levofloxacin,UK Biobank,4299172,,Levofloxacin,SNOMED,Exact name match,448
35824439,4-1140864992,tramadol,UK Biobank,4297525,,Tramadol,SNOMED,Exact name match,436
35816115,4-1141146234,atorvastatin,UK Biobank,4189425,,Atorvastatin,SNOMED,Exact name match,372
35824758,4-1140873850,vancomycin,UK Biobank,4164069,,Vancomycin,SNOMED,Exact name match,371
35824759,744-1140873850,vancomycin,UK Biobank,4164069,,Vancomycin,SNOMED,Exact name match,371
35819715,4-1140871310,ibuprofen,UK Biobank,4298923,,Ibuprofen,SNOMED,Exact name match,334
35816960,744-1140873288,cephalexin,UK Biobank,4306840,,Cephalexin,SNOMED,Exact name match,314
35816959,4-1140873288,cephalexin,UK Biobank,4306840,,Cephalexin,SNOMED,Exact name match,314
35818617,744-1140873608,erythromycin,UK Biobank,4164059,,Erythromycin,SNOMED,Exact name match,298
35818616,4-1140873608,erythromycin,UK Biobank,4164059,,Erythromycin,SNOMED,Exact name match,298
35819233,4-1140872228,gabapentin,UK Biobank,4299745,,Gabapentin,SNOMED,Exact name match,275
35817252,744-1140873650,clindamycin,UK Biobank,4187575,,Clindamycin,SNOMED,Exact name match,266
35817251,4-1140873650,clindamycin,UK Biobank,4187575,,Clindamycin,SNOMED,Exact name match,266
35815762,4-1140879802,amlodipine,UK Biobank,4305087,,Amlodipine,SNOMED,Exact name match,255
35816211,744-1140873642,azithromycin,UK Biobank,4299165,,Azithromycin,SNOMED,Exact name match,232
35816210,4-1140873642,azithromycin,UK Biobank,4299165,,Azithromycin,SNOMED,Exact name match,232
35815399,4-1140888772,acetaminophen,UK Biobank,4306040,,Acetaminophen,SNOMED,Exact name match,230
35818449,6314-27,egg,UK Biobank,40613160,,Egg,SNOMED,Exact name match,195
35819535,4-1140881842,heparin,UK Biobank,4159634,,Heparin,SNOMED,Exact name match,188
35820748,4-1140884600,metformin,UK Biobank,4159323,,Metformin,SNOMED,Exact name match,188
35820694,4-1140910700,meperidine,UK Biobank,4299030,,Meperidine,SNOMED,Exact name match,188
35818310,744-1140873394,doxycycline,UK Biobank,4156709,,Doxycycline,SNOMED,Exact name match,185
35818309,4-1140873394,doxycycline,UK Biobank,4156709,,Doxycycline,SNOMED,Exact name match,185
35822586,4-1140868364,prednisone,UK Biobank,4023242,,Prednisone,SNOMED,Exact name match,174
35822239,744-1140909716,penicillin g,UK Biobank,4205895,,Penicillin G,SNOMED,Exact name match,164
35822238,4-1140909716,penicillin g,UK Biobank,4205895,,Penicillin G,SNOMED,Exact name match,164
35818877,4-1140880956,fentanyl,UK Biobank,4162415,,Fentanyl,SNOMED,Exact name match,147
35822884,4-1140868170,prochlorperazine,UK Biobank,4158269,,Prochlorperazine,SNOMED,Exact name match,141
35817236,744-1140873634,clarithromycin,UK Biobank,4306031,,Clarithromycin,SNOMED,Exact name match,141
35817235,4-1140873634,clarithromycin,UK Biobank,4306031,,Clarithromycin,SNOMED,Exact name match,141
35820787,4-1140879494,metoclopramide,UK Biobank,4187023,,Metoclopramide,SNOMED,Exact name match,136
35824250,744-1140873450,tetracycline,UK Biobank,4187581,,Tetracycline,SNOMED,Exact name match,134
35824249,4-1140873450,tetracycline,UK Biobank,4187581,,Tetracycline,SNOMED,Exact name match,134
35820791,4-1140879818,metoprolol,UK Biobank,4187584,,Metoprolol,SNOMED,Exact name match,134
35823363,4-1141192410,rosuvastatin,UK Biobank,45763630,,Rosuvastatin,SNOMED,Exact name match,130
35823540,4-1140861958,simvastatin,UK Biobank,4301328,,Simvastatin,SNOMED,Exact name match,129
35821205,4-1140871462,naproxen,UK Biobank,4186860,,Naproxen,SNOMED,Exact name match,121
35822829,4-1141200004,pregabalin,UK Biobank,4187330,,Pregabalin,SNOMED,Exact name match,120
35815748,4-1140888502,amiodarone,UK Biobank,4159615,,Amiodarone,SNOMED,Exact name match,119
35819617,4-1140866162,hydrochlorothiazide,UK Biobank,4299163,,Hydrochlorothiazide,SNOMED,Exact name match,118
35820816,744-1140874014,metronidazole,UK Biobank,4159334,,Metronidazole,SNOMED,Exact name match,117
35820815,4-1140874014,metronidazole,UK Biobank,4159334,,Metronidazole,SNOMED,Exact name match,117
35823813,4-1140866236,spironolactone,UK Biobank,4305261,,Spironolactone,SNOMED,Exact name match,116
35820110,4-1140884558,ketorolac,UK Biobank,4186842,,Ketorolac,SNOMED,Exact name match,113
35820461,4-1140916356,losartan,UK Biobank,4190223,,Losartan,SNOMED,Exact name match,111
35816931,744-1140873434,ceftriaxone,UK Biobank,4186990,,Ceftriaxone,SNOMED,Exact name match,111
35816930,4-1140873434,ceftriaxone,UK Biobank,4186990,,Ceftriaxone,SNOMED,Exact name match,111
35816947,4-1141176662,celecoxib,UK Biobank,4021058,,Celecoxib,SNOMED,Exact name match,107
35820457,4-1140863302,lorazepam,UK Biobank,4299887,,Lorazepam,SNOMED,Exact name match,106
35819611,4-1140888686,hydralazine,UK Biobank,4304295,,Hydralazine,SNOMED,Exact name match,105
35816881,744-1140873020,cefaclor,UK Biobank,4306735,,Cefaclor,SNOMED,Exact name match,99
35816880,4-1140873020,cefaclor,UK Biobank,4306735,,Cefaclor,SNOMED,Exact name match,99
35821420,744-1140874126,nitrofurantoin,UK Biobank,4159993,,Nitrofurantoin,SNOMED,Exact name match,94
35821419,4-1140874126,nitrofurantoin,UK Biobank,4159993,,Nitrofurantoin,SNOMED,Exact name match,94
35819497,4-1140867168,haloperidol,UK Biobank,4299739,,Haloperidol,SNOMED,Exact name match,94
35821368,4-1140910670,niacin,UK Biobank,4158887,,Niacin,SNOMED,Exact name match,93
35825323,4-1140865016,zolpidem,UK Biobank,4308523,,Zolpidem,SNOMED,Exact name match,79
35819222,4-1140909708,furosemide,UK Biobank,4306892,,Furosemide,SNOMED,Exact name match,78
35818359,4-1141200564,duloxetine,UK Biobank,4230914,,Duloxetine,SNOMED,Exact name match,74
35822341,4-2038460076,phenytoin,UK Biobank,4301090,,Phenytoin,SNOMED,Exact name match,69
35816891,744-1141180450,cefazolin,UK Biobank,4305915,,Cefazolin,SNOMED,Exact name match,68
35816890,4-1141180450,cefazolin,UK Biobank,4305915,,Cefazolin,SNOMED,Exact name match,68
35822573,4-1140888648,pravastatin,UK Biobank,4190222,,Pravastatin,SNOMED,Exact name match,67
35820322,4-1141171932,levetiracetam,UK Biobank,4297685,,Levetiracetam,SNOMED,Exact name match,67
35815610,4-1140875408,allopurinol,UK Biobank,4298903,,Allopurinol,SNOMED,Exact name match,67
35816611,4-1141176854,bupropion,UK Biobank,4306047,,Bupropion,SNOMED,Exact name match,66
35821393,4-1140861088,nifedipine,UK Biobank,4307009,,Nifedipine,SNOMED,Exact name match,66
35817289,4-1141168318,clopidogrel,UK Biobank,4304142,,Clopidogrel,SNOMED,Exact name match,66
35821087,744-1141187100,moxifloxacin,UK Biobank,4134512,,Moxifloxacin,SNOMED,Exact name match,65
35821086,4-1141187100,moxifloxacin,UK Biobank,4134512,,Moxifloxacin,SNOMED,Exact name match,65
35815846,744-1140872748,ampicillin,UK Biobank,4306706,,Ampicillin,SNOMED,Exact name match,63
35815845,4-1140872748,ampicillin,UK Biobank,4306706,,Ampicillin,SNOMED,Exact name match,63
35821821,4-1140868134,ondansetron,UK Biobank,4157765,,Ondansetron,SNOMED,Exact name match,59
35825047,4-1140888266,warfarin,UK Biobank,4187015,,Warfarin,SNOMED,Exact name match,56
35820776,4-1140874976,methylprednisolone,UK Biobank,4020620,,Methylprednisolone,SNOMED,Exact name match,56
35818550,4-1140888770,epinephrine,UK Biobank,40549543,,Epinephrine,SNOMED,Exact name match,56
35817908,4-1140863152,diazepam,UK Biobank,4306732,,Diazepam,SNOMED,Exact name match,56
35816841,4-1140909368,carvedilol,UK Biobank,4305089,,Carvedilol,SNOMED,Exact name match,56
35824473,4-1140879634,trazodone,UK Biobank,4158266,,Trazodone,SNOMED,Exact name match,55
35823949,4-1140909702,sulfasalazine,UK Biobank,4299020,,Sulfasalazine,SNOMED,Exact name match,53
35823008,4-1141152848,quetiapine,UK Biobank,4304126,,Quetiapine,SNOMED,Exact name match,51
35821423,4-1140910570,nitroglycerin,UK Biobank,4301210,,Nitroglycerin,SNOMED,Exact name match,50
35820676,4-1140926732,meloxicam,UK Biobank,4299874,,Meloxicam,SNOMED,Exact name match,49
35818777,4-1141192736,ezetimibe,UK Biobank,4254500,,Ezetimibe,SNOMED,Exact name match,49
35820724,744-1140917228,meropenem,UK Biobank,4299168,,Meropenem,SNOMED,Exact name match,48
35820723,4-1140917228,meropenem,UK Biobank,4299168,,Meropenem,SNOMED,Exact name match,48
35817510,4-1141173346,cortisone,UK Biobank,4137589,,Cortisone,SNOMED,Exact name match,48
35823567,4-1140867878,sertraline,UK Biobank,4159329,,Sertraline,SNOMED,Exact name match,46
35821800,4-1140865634,omeprazole,UK Biobank,4304300,,Omeprazole,SNOMED,Exact name match,46
35823047,4-1140860806,ramipril,UK Biobank,4297530,,Ramipril,SNOMED,Exact name match,44
35824101,4-1140926934,tamsulosin,UK Biobank,4156716,,Tamsulosin,SNOMED,Exact name match,43
35816799,4-2038459704,carbamazepine,UK Biobank,4306720,,Carbamazepine,SNOMED,Exact name match,43
35822114,4-1140929012,pantoprazole,UK Biobank,4193816,,Pantoprazole,SNOMED,Exact name match,42
35818525,4-1140861588,enoxaparin,UK Biobank,4159321,,Enoxaparin,SNOMED,Exact name match,41
35820763,4-1140869848,methotrexate,UK Biobank,4301206,,Methotrexate,SNOMED,Exact name match,40
35817286,4-1140883468,clonidine,UK Biobank,4187143,,Clonidine,SNOMED,Exact name match,36
35818505,4-1140888552,enalapril,UK Biobank,4156855,,Enalapril,SNOMED,Exact name match,36
35820198,4-1140872290,lamotrigine,UK Biobank,4301320,,Lamotrigine,SNOMED,Exact name match,36
35824424,4-1140923484,topiramate,UK Biobank,4299744,,Topiramate,SNOMED,Exact name match,36
35816885,744-1140873098,cefadroxil,UK Biobank,4186987,,Cefadroxil,SNOMED,Exact name match,35
35816884,4-1140873098,cefadroxil,UK Biobank,4186987,,Cefadroxil,SNOMED,Exact name match,35
35824743,4-1141145660,valsartan,UK Biobank,4299840,,Valsartan,SNOMED,Exact name match,34
35819046,4-1140879540,fluoxetine,UK Biobank,4158255,,Fluoxetine,SNOMED,Exact name match,34
35817976,4-1140879806,diltiazem,UK Biobank,4187577,,Diltiazem,SNOMED,Exact name match,34
35818649,4-1141180212,escitalopram,UK Biobank,4267846,,Escitalopram,SNOMED,Exact name match,33
35815664,4-1140863308,alprazolam,UK Biobank,4305239,,Alprazolam,SNOMED,Exact name match,33
35824817,4-1140916282,venlafaxine,UK Biobank,4163776,,Venlafaxine,SNOMED,Exact name match,32
35823992,4-1140884412,sumatriptan,UK Biobank,4217875,,Sumatriptan,SNOMED,Exact name match,32
35816227,4-1140875420,baclofen,UK Biobank,4306852,,Baclofen,SNOMED,Exact name match,32
35819665,4-1140884308,hydroxychloroquine,UK Biobank,4159991,,Hydroxychloroquine,SNOMED,Exact name match,31
35819022,4-1140874272,fluconazole,UK Biobank,4306707,,Fluconazole,SNOMED,Exact name match,30
35815751,4-1140879616,amitriptyline,UK Biobank,4187005,,Amitriptyline,SNOMED,Exact name match,30
35819891,100630-5,Iron,UK Biobank,4244056,,Iron,SNOMED,Exact name match,29
35819892,100690-1,Iron,UK Biobank,4244056,,Iron,SNOMED,Exact name match,29
35819893,74-486,Iron,UK Biobank,4244056,,Iron,SNOMED,Exact name match,29
35823307,4-1140867444,risperidone,UK Biobank,4299740,,Risperidone,SNOMED,Exact name match,28
35816933,744-1140873138,cefuroxime,UK Biobank,4188390,,Cefuroxime,SNOMED,Exact name match,28
35816932,4-1140873138,cefuroxime,UK Biobank,4188390,,Cefuroxime,SNOMED,Exact name match,28
35816102,4-1140866738,atenolol,UK Biobank,4306037,,Atenolol,SNOMED,Exact name match,28
35824826,4-1140888510,verapamil,UK Biobank,4187569,,Verapamil,SNOMED,Exact name match,28
35824529,744-1140873966,trimethoprim,UK Biobank,4306709,,Trimethoprim,SNOMED,Exact name match,27
35824528,4-1140873966,trimethoprim,UK Biobank,4306709,,Trimethoprim,SNOMED,Exact name match,27
35822323,4-1140910706,phenobarbital,UK Biobank,4189441,,Phenobarbital,SNOMED,Exact name match,26
35820937,4-1141152732,mirtazapine,UK Biobank,4305085,,Mirtazapine,SNOMED,Exact name match,26
35820914,744-1140873480,minocycline,UK Biobank,4156854,,Minocycline,SNOMED,Exact name match,26
35820913,4-1140873480,minocycline,UK Biobank,4156854,,Minocycline,SNOMED,Exact name match,26
35824378,4-1141153186,tizanidine,UK Biobank,4159969,,Tizanidine,SNOMED,Exact name match,25
35817920,4-1140884488,diclofenac,UK Biobank,4322323,,Diclofenac,SNOMED,Exact name match,25
35818584,744-1141186826,ertapenem,UK Biobank,4245841,,Ertapenem,SNOMED,Exact name match,24
35818583,4-1141186826,ertapenem,UK Biobank,4245841,,Ertapenem,SNOMED,Exact name match,24
35820368,744-1141172954,linezolid,UK Biobank,4304173,,Linezolid,SNOMED,Exact name match,24
35820367,4-1141172954,linezolid,UK Biobank,4304173,,Linezolid,SNOMED,Exact name match,24
35822929,4-1140879842,propranolol,UK Biobank,4159492,,Propranolol,SNOMED,Exact name match,24
35819378,4-1140874646,glipizide,UK Biobank,4306698,,Glipizide,SNOMED,Exact name match,23
35817847,4-1140874816,dexamethasone,UK Biobank,40288319,,Dexamethasone,SNOMED,Exact name match,23
35820205,4-1140864752,lansoprazole,UK Biobank,4297536,,Lansoprazole,SNOMED,Exact name match,22
35818865,4-1140861954,fenofibrate,UK Biobank,4297533,,Fenofibrate,SNOMED,Exact name match,22
35822954,4-1140882142,pseudoephedrine,UK Biobank,4160635,,Pseudoephedrine,SNOMED,Exact name match,21
35821891,6314-32,orange,UK Biobank,40597170,,Orange,SNOMED,Exact name match,21
35817285,4-1140872150,clonazepam,UK Biobank,4301207,,Clonazepam,SNOMED,Exact name match,21
35816206,4-1140869930,azathioprine,UK Biobank,4164032,,Azathioprine,SNOMED,Exact name match,21
35819808,4-1140871336,indomethacin,UK Biobank,4159986,,Indomethacin,SNOMED,Exact name match,20
35818794,4-1140865608,famotidine,UK Biobank,4306718,,Famotidine,SNOMED,Exact name match,20
35817928,4-1140883590,dicyclomine,UK Biobank,4187008,,Dicyclomine,SNOMED,Exact name match,20
35820542,74-483,Magnesium,UK Biobank,4248041,,Magnesium,SNOMED,Exact name match,20
35823331,4-1141165244,rofecoxib,UK Biobank,4304159,,Rofecoxib,SNOMED,Exact name match,20
35821781,4-1140928916,olanzapine,UK Biobank,4304125,,Olanzapine,SNOMED,Exact name match,20
35820788,4-1140866092,metolazone,UK Biobank,4298899,,Metolazone,SNOMED,Exact name match,20
35822002,4-1141175204,oxcarbazepine,UK Biobank,4305251,,Oxcarbazepine,SNOMED,Exact name match,19
35819060,4-1140888098,fluticasone,UK Biobank,4246699,,Fluticasone,SNOMED,Exact name match,19
35816624,4-1140879730,buspirone,UK Biobank,4307017,,Buspirone,SNOMED,Exact name match,19
35816025,4-1141195974,aripiprazole,UK Biobank,4232145,,Aripiprazole,SNOMED,Exact name match,19
35817216,4-1140921600,citalopram,UK Biobank,4159330,,Citalopram,SNOMED,Exact name match,18
35816608,4-1140866280,bumetanide,UK Biobank,4306033,,Bumetanide,SNOMED,Exact name match,18
35819291,100692-3,Garlic,UK Biobank,42536289,,Garlic,SNOMED,Exact name match,18
35817359,4-1140875486,colchicine,UK Biobank,4305902,,Colchicine,SNOMED,Exact name match,18
35824741,4-1140872214,valproic acid,UK Biobank,4305262,,Valproic acid,SNOMED,Exact name match,17
35822241,744-1140888758,penicillin v,UK Biobank,4164066,,Penicillin V,SNOMED,Exact name match,17
35822240,4-1140888758,penicillin v,UK Biobank,4164066,,Penicillin V,SNOMED,Exact name match,17
35821794,4-1141193282,olmesartan,UK Biobank,4134356,,Olmesartan,SNOMED,Exact name match,17
35817004,4-1140883504,cetirizine,UK Biobank,4156718,,Cetirizine,SNOMED,Exact name match,16
35818934,74-472,Fish oil,UK Biobank,42536455,,Fish oil,SNOMED,Exact name match,16
35819672,4-1140883656,hydroxyzine,UK Biobank,4158271,,Hydroxyzine,SNOMED,Exact name match,16
35821617,4-1140867818,nortriptyline,UK Biobank,4156853,,Nortriptyline,SNOMED,Exact name match,15
35819618,4-1140874896,hydrocortisone,UK Biobank,4245352,,Hydrocortisone,SNOMED,Exact name match,15
35819323,744-1140873574,gentamicin,UK Biobank,4305884,,Gentamicin,SNOMED,Exact name match,15
35819322,4-1140873574,gentamicin,UK Biobank,4305884,,Gentamicin,SNOMED,Exact name match,15
35823461,4-1140910492,scopolamine,UK Biobank,4301212,,Scopolamine,SNOMED,Exact name match,15
35817100,4-1140866144,chlorthalidone,UK Biobank,4306846,,Chlorthalidone,SNOMED,Exact name match,14
35816218,4-1140873280,aztreonam,UK Biobank,4305894,,Aztreonam,SNOMED,Exact name match,14
35816219,744-1140873280,aztreonam,UK Biobank,4305894,,Aztreonam,SNOMED,Exact name match,14
35819936,4-1140860954,isosorbide mononitrate,UK Biobank,4305086,,Isosorbide mononitrate,SNOMED,Exact name match,14
35823787,4-1140879854,sotalol,UK Biobank,4160637,,Sotalol,SNOMED,Exact name match,14
35824069,4-1140911642,tacrolimus,UK Biobank,4304147,,Tacrolimus,SNOMED,Exact name match,14
35816924,4-1140873202,ceftazidime,UK Biobank,4298921,,Ceftazidime,SNOMED,Exact name match,13
35816925,744-1140873202,ceftazidime,UK Biobank,4298921,,Ceftazidime,SNOMED,Exact name match,13
35821753,4-1140874160,ofloxacin,UK Biobank,4308517,,Ofloxacin,SNOMED,Exact name match,13
35821754,744-1140874160,ofloxacin,UK Biobank,4308517,,Ofloxacin,SNOMED,Exact name match,13
35820163,4-1140879824,labetalol,UK Biobank,4156871,,Labetalol,SNOMED,Exact name match,13
35820262,4-1141166294,leflunomide,UK Biobank,4305238,,Leflunomide,SNOMED,Exact name match,13
35822584,4-1140874930,prednisolone,UK Biobank,4020623,,Prednisolone,SNOMED,Exact name match,13
35822395,4-1141171646,pioglitazone,UK Biobank,4216941,,Pioglitazone,SNOMED,Exact name match,13
35824399,4-1140875268,tolmetin,UK Biobank,4187012,,Tolmetin,SNOMED,Exact name match,13
35823014,4-1140860728,quinapril,UK Biobank,4299839,,Quinapril,SNOMED,Exact name match,13
35823920,4-1140865536,sucralfate,UK Biobank,4299050,,Sucralfate,SNOMED,Exact name match,12
35822235,4-1140875316,penicillamine,UK Biobank,4299018,,Penicillamine,SNOMED,Exact name match,12
35821716,4-1140874360,nystatin,UK Biobank,4305257,,Nystatin,SNOMED,Exact name match,12
35821125,744-1140880342,mupirocin,UK Biobank,4305898,,Mupirocin,SNOMED,Exact name match,12
35821124,4-1140880342,mupirocin,UK Biobank,4305898,,Mupirocin,SNOMED,Exact name match,12
35817963,4-2038459814,digoxin,UK Biobank,4306887,,Digoxin,SNOMED,Exact name match,12
35824210,4-1140879798,terazosin,UK Biobank,4304180,,Terazosin,SNOMED,Exact name match,12
35816913,744-1141168270,cefprozil,UK Biobank,4307023,,Cefprozil,SNOMED,Exact name match,11
35816912,4-1141168270,cefprozil,UK Biobank,4307023,,Cefprozil,SNOMED,Exact name match,11
35817094,4-1140879658,chlorpromazine,UK Biobank,4301096,,Chlorpromazine,SNOMED,Exact name match,11
35815481,4-1141188588,adalimumab,UK Biobank,4251303,,Adalimumab,SNOMED,Exact name match,11
35817092,4-1140883520,chlorpheniramine,UK Biobank,4187600,,Chlorpheniramine,SNOMED,Exact name match,11
35820455,4-1140862772,loratadine,UK Biobank,4304136,,Loratadine,SNOMED,Exact name match,11
35817709,4-1140874104,dapsone,UK Biobank,4304290,,Dapsone,SNOMED,Exact name match,11
35818704,4-1140871188,etodolac,UK Biobank,4297526,,Etodolac,SNOMED,Exact name match,11
35821185,4-1140875336,nabumetone,UK Biobank,4304129,,Nabumetone,SNOMED,Exact name match,11
35821933,4-1141186834,oseltamivir,UK Biobank,4134357,,Oseltamivir,SNOMED,Exact name match,11
35822015,4-1140883568,oxybutynin,UK Biobank,4159479,,Oxybutynin,SNOMED,Exact name match,11
35818657,4-1141177526,esomeprazole,UK Biobank,4217128,,Esomeprazole,SNOMED,Exact name match,10
35816893,744-1140873416,cefixime,UK Biobank,4307022,,Cefixime,SNOMED,Exact name match,10
35816892,4-1140873416,cefixime,UK Biobank,4307022,,Cefixime,SNOMED,Exact name match,10
35818306,4-1140879778,doxazosin,UK Biobank,4159302,,Doxazosin,SNOMED,Exact name match,10
35820772,4-1140917132,methylphenidate,UK Biobank,4189283,,Methylphenidate,SNOMED,Exact name match,10
35822255,4-1140884338,pentamidine,UK Biobank,4156862,,Pentamidine,SNOMED,Exact name match,10
35823597,4-1141168936,sildenafil,UK Biobank,4164031,,Sildenafil,SNOMED,Exact name match,10
35820101,4-1140874336,ketoconazole,UK Biobank,4301087,,Ketoconazole,SNOMED,Exact name match,9
35816597,4-1140862572,budesonide,UK Biobank,4217723,,Budesonide,SNOMED,Exact name match,9
35816831,4-1140875432,carisoprodol,UK Biobank,4306696,,Carisoprodol,SNOMED,Exact name match,9
35818914,4-1141146428,fexofenadine,UK Biobank,4159311,,Fexofenadine,SNOMED,Exact name match,9
35818965,4-1140888570,flecainide,UK Biobank,4156872,,Flecainide,SNOMED,Exact name match,9
35819061,4-1140888594,fluvastatin,UK Biobank,4299179,,Fluvastatin,SNOMED,Exact name match,9
35824385,744-1140873536,tobramycin,UK Biobank,4189453,,Tobramycin,SNOMED,Exact name match,9
35824384,4-1140873536,tobramycin,UK Biobank,4189453,,Tobramycin,SNOMED,Exact name match,9
35820761,4-1140875452,methocarbamol,UK Biobank,4299068,,Methocarbamol,SNOMED,Exact name match,9
35823019,4-1140874420,quinine,UK Biobank,4189438,,Quinine,SNOMED,Exact name match,9
35824161,4-1140863202,temazepam,UK Biobank,4305878,,Temazepam,SNOMED,Exact name match,9
35820922,4-1140860532,minoxidil,UK Biobank,4299024,,Minoxidil,SNOMED,Exact name match,9
35822171,4-1140867888,paroxetine,UK Biobank,4156738,,Paroxetine,SNOMED,Exact name match,8
35816910,4-1140873430,cefpodoxime,UK Biobank,4299166,,Cefpodoxime,SNOMED,Exact name match,8
35816911,744-1140873430,cefpodoxime,UK Biobank,4299166,,Cefpodoxime,SNOMED,Exact name match,8
35818307,4-1140867640,doxepin,UK Biobank,4156735,,Doxepin,SNOMED,Exact name match,8
35821243,4-1141164276,nebivolol,UK Biobank,4217742,,Nebivolol,SNOMED,Exact name match,8
35821382,4-2018610518,nicotine,UK Biobank,4285436,,Nicotine,SNOMED,Exact name match,8
35823623,4-1141173926,sirolimus,UK Biobank,4304162,,Sirolimus,SNOMED,Exact name match,8
35822918,4-1140888482,propafenone,UK Biobank,4158406,,Propafenone,SNOMED,Exact name match,8
35823727,4-1141200322,solifenacin,UK Biobank,4251134,,Solifenacin,SNOMED,Exact name match,8
35823937,4-1141182110,sulfadiazine,UK Biobank,40520768,,Sulfadiazine,SNOMED,Exact name match,8
35823938,744-1141182110,sulfadiazine,UK Biobank,40520768,,Sulfadiazine,SNOMED,Exact name match,8
35824349,4-1140879866,timolol,UK Biobank,4158397,,Timolol,SNOMED,Exact name match,8
35824488,4-1140868426,triamcinolone,UK Biobank,4023238,,Triamcinolone,SNOMED,Exact name match,8
35819043,4-1140869772,fluorouracil,UK Biobank,4300009,,Fluorouracil,SNOMED,Exact name match,7
35817267,4-1140863268,clobazam,UK Biobank,4306050,,Clobazam,SNOMED,Exact name match,7
35819883,4-1140883548,ipratropium,UK Biobank,4186844,,Ipratropium,SNOMED,Exact name match,7
35817179,4-1141181150,cilostazol,UK Biobank,4023394,,Cilostazol,SNOMED,Exact name match,7
35816121,4-1140883494,atropine,UK Biobank,4159619,,Atropine,SNOMED,Exact name match,7
35819317,4-1140861856,gemfibrozil,UK Biobank,4304313,,Gemfibrozil,SNOMED,Exact name match,7
35818291,4-1140922714,dorzolamide,UK Biobank,4190195,,Dorzolamide,SNOMED,Exact name match,7
35819887,4-1141152998,irbesartan,UK Biobank,4299841,,Irbesartan,SNOMED,Exact name match,7
35822430,4-1140871666,piroxicam,UK Biobank,4298910,,Piroxicam,SNOMED,Exact name match,7
35823062,4-1140879406,ranitidine,UK Biobank,4187570,,Ranitidine,SNOMED,Exact name match,7
35823359,4-1141177600,rosiglitazone,UK Biobank,4216958,,Rosiglitazone,SNOMED,Exact name match,7
35824211,4-1140927328,terbinafine,UK Biobank,4189428,,Terbinafine,SNOMED,Exact name match,7
35819924,4-1140873986,isoniazid,UK Biobank,4306890,,Isoniazid,SNOMED,Exact name match,7
35819391,100692-5,Glucosamine,UK Biobank,4289925,,Glucosamine,SNOMED,Exact name match,6
35819390,100630-2,Glucosamine,UK Biobank,4289925,,Glucosamine,SNOMED,Exact name match,6
35815478,4-1140909954,acyclovir,UK Biobank,4187006,,Acyclovir,SNOMED,Exact name match,6
35815706,4-1140879644,amantadine,UK Biobank,4187018,,Amantadine,SNOMED,Exact name match,6
35816462,4-1141179914,bimatoprost,UK Biobank,4032207,,Bimatoprost,SNOMED,Exact name match,6
35816786,4-1140860750,captopril,UK Biobank,4304306,,Captopril,SNOMED,Exact name match,6
35818342,4-1140867084,droperidol,UK Biobank,4300001,,Droperidol,SNOMED,Exact name match,6
35818930,4-1140868550,finasteride,UK Biobank,4299858,,Finasteride,SNOMED,Exact name match,6
35819377,4-1141152590,glimepiride,UK Biobank,4297678,,Glimepiride,SNOMED,Exact name match,6
35820240,4-1141146188,latanoprost,UK Biobank,4297552,,Latanoprost,SNOMED,Exact name match,6
35824222,4-1141188794,teriparatide,UK Biobank,4137701,,Teriparatide,SNOMED,Exact name match,6
35820340,4-1141191044,levothyroxine sodium,UK Biobank,4054350,,Levothyroxine sodium,SNOMED,Exact name match,6
35825273,100690-2,Zinc,UK Biobank,4313014,,Zinc,SNOMED,Exact name match,6
35825272,100630-4,Zinc,UK Biobank,4313014,,Zinc,SNOMED,Exact name match,6
35825274,74-487,Zinc,UK Biobank,4313014,,Zinc,SNOMED,Exact name match,6
35823605,744-1141192340,silver sulfadiazine,UK Biobank,4299888,,Silver sulfadiazine,SNOMED,Exact name match,6
35823604,4-1141192340,silver sulfadiazine,UK Biobank,4299888,,Silver sulfadiazine,SNOMED,Exact name match,6
35820986,4-1140888172,mometasone,UK Biobank,4217114,,Mometasone,SNOMED,Exact name match,6
35821439,4-1140865618,nizatidine,UK Biobank,4299842,,Nizatidine,SNOMED,Exact name match,5
35815350,4-1141165852,abacavir,UK Biobank,4305245,,Abacavir,SNOMED,Exact name match,5
35816610,4-1140871732,buprenorphine,UK Biobank,4298913,,Buprenorphine,SNOMED,Exact name match,5
35816773,4-1141173030,capecitabine,UK Biobank,4305099,,Capecitabine,SNOMED,Exact name match,5
35818579,4-1140888658,ergotamine,UK Biobank,4217111,,Ergotamine,SNOMED,Exact name match,5
35819069,74-481,Folic acid,UK Biobank,4270192,,Folic acid,SNOMED,Exact name match,5
35819792,4-1140866078,indapamide,UK Biobank,4301213,,Indapamide,SNOMED,Exact name match,5
35820832,4-1140888470,mexiletine,UK Biobank,4187599,,Mexiletine,SNOMED,Exact name match,5
35820845,4-1140874346,miconazole,UK Biobank,4164070,,Miconazole,SNOMED,Exact name match,5
35821189,4-1140860192,nadolol,UK Biobank,4307005,,Nadolol,SNOMED,Exact name match,5
35823522,4-1140865716,senna,UK Biobank,4298911,,Senna,SNOMED,Exact name match,5
35822484,4-1140873842,polymyxin b,UK Biobank,4159616,,Polymyxin B,SNOMED,Exact name match,5
35822485,744-1140873842,polymyxin b,UK Biobank,4159616,,Polymyxin B,SNOMED,Exact name match,5
35823897,744-1140874098,streptomycin,UK Biobank,4301091,,Streptomycin,SNOMED,Exact name match,5
35823896,4-1140874098,streptomycin,UK Biobank,4301091,,Streptomycin,SNOMED,Exact name match,5
35824494,4-1140866388,triamterene,UK Biobank,4304171,,Triamterene,SNOMED,Exact name match,5
35823953,4-1140871604,sulindac,UK Biobank,4306039,,Sulindac,SNOMED,Exact name match,5
35823935,4-1141182178,sulfacetamide,UK Biobank,4159465,,Sulfacetamide,SNOMED,Exact name match,5
35823936,744-1141182178,sulfacetamide,UK Biobank,4159465,,Sulfacetamide,SNOMED,Exact name match,5
35823357,4-1140928274,ropinirole,UK Biobank,4157767,,Ropinirole,SNOMED,Exact name match,5
35822864,4-1140872132,primidone,UK Biobank,4305865,,Primidone,SNOMED,Exact name match,5
35816690,74-485,Calcium,UK Biobank,4207948,,Calcium,SNOMED,Exact name match,4
35816688,100630-3,Calcium,UK Biobank,4207948,,Calcium,SNOMED,Exact name match,4
35816689,100690-3,Calcium,UK Biobank,4207948,,Calcium,SNOMED,Exact name match,4
35819935,4-1140861008,isosorbide dinitrate,UK Biobank,4306848,,Isosorbide dinitrate,SNOMED,Exact name match,4
35819757,4-1141185284,imatinib,UK Biobank,4185917,,Imatinib,SNOMED,Exact name match,4
35819129,4-1140888556,fosinopril,UK Biobank,4159303,,Fosinopril,SNOMED,Exact name match,4
35819033,4-1140884676,fluocinolone,UK Biobank,4218214,,Fluocinolone,SNOMED,Exact name match,4
35817628,4-1140869604,cyclophosphamide,UK Biobank,4299054,,Cyclophosphamide,SNOMED,Exact name match,4
35817194,4-1140862026,ciprofibrate,UK Biobank,4213842,,Ciprofibrate,SNOMED,Exact name match,4
35815406,4-1140862938,acetylcysteine,UK Biobank,4306879,,Acetylcysteine,SNOMED,Exact name match,4
35816208,4-1140883500,azelastine,UK Biobank,4159309,,Azelastine,SNOMED,Exact name match,4
35815903,4-1140923018,anastrozole,UK Biobank,4297546,,Anastrozole,SNOMED,Exact name match,4
35815581,4-1140879774,alfuzosin,UK Biobank,4218208,,Alfuzosin,SNOMED,Exact name match,4
35815400,4-1140875868,acetazolamide,UK Biobank,4159477,,Acetazolamide,SNOMED,Exact name match,4
35820705,4-1140869842,mercaptopurine,UK Biobank,4297518,,Mercaptopurine,SNOMED,Exact name match,4
35820544,4-1140865872,magnesium citrate,UK Biobank,4299873,,Magnesium citrate,SNOMED,Exact name match,4
35820958,4-1141163114,modafinil,UK Biobank,4299864,,Modafinil,SNOMED,Exact name match,4
35825322,4-1141150620,zolmitriptan,UK Biobank,4178358,,Zolmitriptan,SNOMED,Exact name match,4
35821195,4-1140884376,nalbuphine,UK Biobank,4189452,,Nalbuphine,SNOMED,Exact name match,4
35825320,4-1141173814,zoledronic acid,UK Biobank,4217883,,Zoledronic acid,SNOMED,Exact name match,4
35824730,4-1141192798,valdecoxib,UK Biobank,4300268,,Valdecoxib,SNOMED,Exact name match,4
35824471,4-1141185316,travoprost,UK Biobank,4030418,,Travoprost,SNOMED,Exact name match,4
35824215,4-1140862830,terfenadine,UK Biobank,4299881,,Terfenadine,SNOMED,Exact name match,4
35824155,4-1141166006,telmisartan,UK Biobank,40525946,,Telmisartan,SNOMED,Exact name match,4
35824371,4-1141182628,tiotropium,UK Biobank,4250858,,Tiotropium,SNOMED,Exact name match,4
35824099,4-1140870164,tamoxifen,UK Biobank,4190066,,Tamoxifen,SNOMED,Exact name match,4
35822576,4-1140879794,prazosin,UK Biobank,4305908,,Prazosin,SNOMED,Exact name match,4
35822571,4-1141164060,pramipexole,UK Biobank,4304128,,Pramipexole,SNOMED,Exact name match,4
35822336,4-1140879844,phenylephrine,UK Biobank,4187572,,Phenylephrine,SNOMED,Exact name match,4
35822042,744-1140873548,oxytetracycline,UK Biobank,4156858,,Oxytetracycline,SNOMED,Exact name match,4
35822041,4-1140873548,oxytetracycline,UK Biobank,4156858,,Oxytetracycline,SNOMED,Exact name match,4
35817118,4-1140865576,cholestyramine,UK Biobank,4301211,,Cholestyramine,SNOMED,Exact name match,3
35819088,4-1141195224,formoterol,UK Biobank,4188029,,Formoterol,SNOMED,Exact name match,3
35818557,4-1140870600,epoetin alfa,UK Biobank,4297560,,Epoetin alfa,SNOMED,Exact name match,3
35818119,4-1140879404,docusate sodium,UK Biobank,40317559,,Docusate sodium,SNOMED,Exact name match,3
35817980,4-1140868090,dimenhydrinate,UK Biobank,4306889,,Dimenhydrinate,SNOMED,Exact name match,3
35817296,4-1140880288,clotrimazole,UK Biobank,4305885,,Clotrimazole,SNOMED,Exact name match,3
35817184,4-1141201418,cinacalcet,UK Biobank,4255993,,Cinacalcet,SNOMED,Exact name match,3
35816380,4-1140883514,benztropine,UK Biobank,4187590,,Benztropine,SNOMED,Exact name match,3
35817093,4-1140862624,chlorpheniramine maleate,UK Biobank,40585112,,Chlorpheniramine maleate,SNOMED,Exact name match,3
35816907,744-1140873182,cefoxitin,UK Biobank,4187025,,Cefoxitin,SNOMED,Exact name match,3
35816906,4-1140873182,cefoxitin,UK Biobank,4187025,,Cefoxitin,SNOMED,Exact name match,3
35816552,4-1141176284,brinzolamide,UK Biobank,4297551,,Brinzolamide,SNOMED,Exact name match,3
35816550,4-1141150750,brimonidine tartrate,UK Biobank,40280082,,Brimonidine tartrate,SNOMED,Exact name match,3
35816412,4-1140874790,betamethasone,UK Biobank,4024513,,Betamethasone,SNOMED,Exact name match,3
35819128,744-1140884076,fosfomycin,UK Biobank,4156720,,Fosfomycin,SNOMED,Exact name match,3
35819127,4-1140884076,fosfomycin,UK Biobank,4156720,,Fosfomycin,SNOMED,Exact name match,3
35815570,4-1140922174,alendronate sodium,UK Biobank,40523796,,Alendronate sodium,SNOMED,Exact name match,3
35817302,4-1140867420,clozapine,UK Biobank,4301322,,Clozapine,SNOMED,Exact name match,3
35819406,4-1141179948,glycopyrrolate,UK Biobank,4304294,,Glycopyrrolate,SNOMED,Exact name match,3
35824770,4-1141192248,vardenafil,UK Biobank,4225684,,Vardenafil,SNOMED,Exact name match,3
35820447,4-1140879464,loperamide,UK Biobank,4305255,,Loperamide,SNOMED,Exact name match,3
35827258,89-352,Turkey,UK Biobank,40617903,,Turkey,SNOMED,Exact name match,3
35825028,4-1141182596,voriconazole,UK Biobank,4299445,,Voriconazole,SNOMED,Exact name match,3
35824319,4-1141163324,ticlopidine,UK Biobank,4297562,,Ticlopidine,SNOMED,Exact name match,3
35823018,4-1140851530,quinidine,UK Biobank,4187000,,Quinidine,SNOMED,Exact name match,3
35822260,4-1140909712,pentoxifylline,UK Biobank,4299162,,Pentoxifylline,SNOMED,Exact name match,3
35821733,4-1140870200,octreotide,UK Biobank,4032091,,Octreotide,SNOMED,Exact name match,3
35821371,4-1140879810,nicardipine,UK Biobank,4157768,,Nicardipine,SNOMED,Exact name match,3
35820941,4-1140865628,misoprostol,UK Biobank,4306727,,Misoprostol,SNOMED,Exact name match,3
35824080,4-1141187810,tadalafil,UK Biobank,4248216,,Tadalafil,SNOMED,Exact name match,3
35820769,4-1140860470,methyldopa,UK Biobank,4159992,,Methyldopa,SNOMED,Exact name match,3
35818556,4-1141201244,eplerenone,UK Biobank,4251126,,Eplerenone,SNOMED,Exact name match,2
35818015,4-1140865656,diphenoxylate,UK Biobank,40523044,,Diphenoxylate,SNOMED,Exact name match,2
35818056,4-1140866568,disopyramide,UK Biobank,4187589,,Disopyramide,SNOMED,Exact name match,2
35818463,4-1141185436,eletriptan,UK Biobank,4258078,,Eletriptan,SNOMED,Exact name match,2
35819443,4-1140874318,griseofulvin,UK Biobank,4187144,,Griseofulvin,SNOMED,Exact name match,2
35818542,4-1140883534,ephedrine,UK Biobank,4306856,,Ephedrine,SNOMED,Exact name match,2
35818836,4-1140888646,felodipine,UK Biobank,4299838,,Felodipine,SNOMED,Exact name match,2
35818706,4-1140869782,etoposide,UK Biobank,4306843,,Etoposide,SNOMED,Exact name match,2
35818748,4-1141171100,exemestane,UK Biobank,4304164,,Exemestane,SNOMED,Exact name match,2
35819049,4-1140882098,fluphenazine,UK Biobank,4164068,,Fluphenazine,SNOMED,Exact name match,2
35819050,4-1140867398,fluphenazine decanoate,UK Biobank,4213161,,Fluphenazine decanoate,SNOMED,Exact name match,2
35817957,4-1140871282,diflunisal,UK Biobank,4304292,,Diflunisal,SNOMED,Exact name match,2
35816488,4-1140879760,bisoprolol,UK Biobank,4305088,,Bisoprolol,SNOMED,Exact name match,2
35817826,4-1140879624,desipramine,UK Biobank,4159475,,Desipramine,SNOMED,Exact name match,2
35817770,744-1140884206,demeclocycline,UK Biobank,4159493,,Demeclocycline,SNOMED,Exact name match,2
35817769,4-1140884206,demeclocycline,UK Biobank,4159493,,Demeclocycline,SNOMED,Exact name match,2
35817642,4-1140883584,cyproheptadine,UK Biobank,4159468,,Cyproheptadine,SNOMED,Exact name match,2
35817268,4-1140888074,clobetasol,UK Biobank,4169614,,Clobetasol,SNOMED,Exact name match,2
35817182,4-1140865426,cimetidine,UK Biobank,4162425,,Cimetidine,SNOMED,Exact name match,2
35817063,4-1140863328,chlordiazepoxide,UK Biobank,4188397,,Chlordiazepoxide,SNOMED,Exact name match,2
35816742,4-1141156836,candesartan cilexetil,UK Biobank,4297532,,Candesartan cilexetil,SNOMED,Exact name match,2
35816422,4-1140883482,bethanechol,UK Biobank,4156861,,Bethanechol,SNOMED,Exact name match,2
35815986,4-1141189862,aprepitant,UK Biobank,4255857,,Aprepitant,SNOMED,Exact name match,2
35815732,744-1140873588,amikacin,UK Biobank,4301175,,Amikacin,SNOMED,Exact name match,2
35815731,4-1140873588,amikacin,UK Biobank,4301175,,Amikacin,SNOMED,Exact name match,2
35819062,4-1140879544,fluvoxamine,UK Biobank,4158403,,Fluvoxamine,SNOMED,Exact name match,2
35821576,4-1140874178,norfloxacin,UK Biobank,4306736,,Norfloxacin,SNOMED,Exact name match,2
35821577,744-1140874178,norfloxacin,UK Biobank,4306736,,Norfloxacin,SNOMED,Exact name match,2
35819671,4-1140869978,hydroxyurea,UK Biobank,4301186,,Hydroxyurea,SNOMED,Exact name match,2
35823305,4-1141175684,risedronate sodium,UK Biobank,4304177,,Risedronate sodium,SNOMED,Exact name match,2
35819767,4-1140879630,imipramine,UK Biobank,4159480,,Imipramine,SNOMED,Exact name match,2
35825210,4-1141171404,zaleplon,UK Biobank,4305247,,Zaleplon,SNOMED,Exact name match,2
35824574,4-1141171496,trospium,UK Biobank,4133385,,Trospium,SNOMED,Exact name match,2
35824503,4-1140855914,triazolam,UK Biobank,4297680,,Triazolam,SNOMED,Exact name match,2
35824177,4-1141164182,temozolomide,UK Biobank,4304160,,Temozolomide,SNOMED,Exact name match,2
35823676,4-2018961142,sodium chloride,UK Biobank,4305895,,Sodium chloride,SNOMED,Exact name match,2
35823673,4-1140877826,sodium bicarbonate,UK Biobank,4305883,,Sodium bicarbonate,SNOMED,Exact name match,2
35823435,4-1140871092,salsalate,UK Biobank,4304284,,Salsalate,SNOMED,Exact name match,2
35823429,4-1140862144,salmeterol,UK Biobank,4159307,,Salmeterol,SNOMED,Exact name match,2
35823414,4-1140880014,salicylic acid,UK Biobank,4301095,,Salicylic acid,SNOMED,Exact name match,2
35823311,4-1141167690,rivastigmine,UK Biobank,4216957,,Rivastigmine,SNOMED,Exact name match,2
35825208,4-1141168340,zafirlukast,UK Biobank,4304134,,Zafirlukast,SNOMED,Exact name match,2
35823167,4-1141168660,repaglinide,UK Biobank,4305231,,Repaglinide,SNOMED,Exact name match,2
35820750,4-1140884482,methadone,UK Biobank,4305871,,Methadone,SNOMED,Exact name match,2
35822400,744-1140872852,piperacillin,UK Biobank,4188391,,Piperacillin,SNOMED,Exact name match,2
35822399,4-1140872852,piperacillin,UK Biobank,4188391,,Piperacillin,SNOMED,Exact name match,2
35820330,4-1141184748,levocetirizine,UK Biobank,4225650,,Levocetirizine,SNOMED,Exact name match,2
35820615,78-342,Mayonnaise,UK Biobank,4027997,,Mayonnaise,SNOMED,Exact name match,2
35820660,4-1140869270,medroxyprogesterone,UK Biobank,4054329,,Medroxyprogesterone,SNOMED,Exact name match,2
35820317,4-1141145896,letrozole,UK Biobank,4297547,,Letrozole,SNOMED,Exact name match,2
35822257,4-1140884402,pentazocine,UK Biobank,4304320,,Pentazocine,SNOMED,Exact name match,2
35822334,4-1140868040,phentermine,UK Biobank,4190064,,Phentermine,SNOMED,Exact name match,2
35819953,4-1140874302,itraconazole,UK Biobank,4307021,,Itraconazole,SNOMED,Exact name match,2
35817361,4-1140888590,colestipol,UK Biobank,4187582,,Colestipol,SNOMED,Exact name match,1
35817837,4-1140909894,desoximetasone,UK Biobank,4299065,,Desoximetasone,SNOMED,Exact name match,1
35817374,4-1140873810,colistin,UK Biobank,4306870,,Colistin,SNOMED,Exact name match,1
35817375,744-1140873810,colistin,UK Biobank,4306870,,Colistin,SNOMED,Exact name match,1
35817560,4-1140910736,cromolyn sodium,UK Biobank,4298924,,Cromolyn sodium,SNOMED,Exact name match,1
35817627,4-1140883518,cyclopentolate,UK Biobank,4158396,,Cyclopentolate,SNOMED,Exact name match,1
35817695,4-1140868968,danazol,UK Biobank,4054332,,Danazol,SNOMED,Exact name match,1
35817706,4-1140883858,dantrolene,UK Biobank,4159613,,Dantrolene,SNOMED,Exact name match,1
35817757,4-1141145782,deflazacort,UK Biobank,40522777,,Deflazacort,SNOMED,Exact name match,1
35817828,4-1141172924,desloratadine,UK Biobank,4213963,,Desloratadine,SNOMED,Exact name match,1
35818026,4-1140861778,dipyridamole,UK Biobank,4305890,,Dipyridamole,SNOMED,Exact name match,1
35817933,4-1140888928,didanosine,UK Biobank,4298892,,Didanosine,SNOMED,Exact name match,1
35817941,4-1140879684,diethylpropion,UK Biobank,4301184,,Diethylpropion,SNOMED,Exact name match,1
35817962,4-1140865990,digitoxin,UK Biobank,4189450,,Digitoxin,SNOMED,Exact name match,1
35817967,4-1141163770,dihydroergotamine,UK Biobank,4306733,,Dihydroergotamine,SNOMED,Exact name match,1
35818090,4-1140872480,disulfiram,UK Biobank,4301086,,Disulfiram,SNOMED,Exact name match,1
35818141,4-1140879430,domperidone,UK Biobank,4301082,,Domperidone,SNOMED,Exact name match,1
35818439,4-1141165518,efavirenz,UK Biobank,4305244,,Efavirenz,SNOMED,Exact name match,1
35818701,4-1140872160,ethosuximide,UK Biobank,4305749,,Ethosuximide,SNOMED,Exact name match,1
35819028,4-1140884672,fludrocortisone,UK Biobank,4024518,,Fludrocortisone,SNOMED,Exact name match,1
35817244,4-1140862638,clemastine,UK Biobank,4187011,,Clemastine,SNOMED,Exact name match,1
35817282,4-1140879620,clomipramine,UK Biobank,4188409,,Clomipramine,SNOMED,Exact name match,1
35816570,4-1140853200,bromelains,UK Biobank,4306719,,Bromelains,SNOMED,Exact name match,1
35817215,4-1140868122,cisapride,UK Biobank,4304307,,Cisapride,SNOMED,Exact name match,1
35817128,74-482,Chromium,UK Biobank,4006129,,Chromium,SNOMED,Exact name match,1
35815580,4-1140880942,alfentanil,UK Biobank,4299174,,Alfentanil,SNOMED,Exact name match,1
35815740,4-1140888512,amiloride,UK Biobank,4306036,,Amiloride,SNOMED,Exact name match,1
35815745,4-1140870242,aminoglutethimide,UK Biobank,4299022,,Aminoglutethimide,SNOMED,Exact name match,1
35815746,4-1140862260,aminophylline,UK Biobank,4189442,,Aminophylline,SNOMED,Exact name match,1
35815790,4-1140867774,amoxapine,UK Biobank,4189621,,Amoxapine,SNOMED,Exact name match,1
35815985,4-1140875934,apraclonidine,UK Biobank,4189416,,Apraclonidine,SNOMED,Exact name match,1
35816095,4-1141190554,atazanavir,UK Biobank,4186117,,Atazanavir,SNOMED,Exact name match,1
35816114,4-1141199446,atomoxetine,UK Biobank,4251136,,Atomoxetine,SNOMED,Exact name match,1
35816117,4-1140916262,atovaquone,UK Biobank,4299844,,Atovaquone,SNOMED,Exact name match,1
35816481,4-1140865786,bisacodyl,UK Biobank,4298883,,Bisacodyl,SNOMED,Exact name match,1
35819041,4-1140875766,fluorometholone,UK Biobank,4104649,,Fluorometholone,SNOMED,Exact name match,1
35816573,4-1140868866,bromocriptine,UK Biobank,4305254,,Bromocriptine,SNOMED,Exact name match,1
35816686,4-1141174388,calcitriol,UK Biobank,4123687,,Calcitriol,SNOMED,Exact name match,1
35816795,4-1140869452,carbachol,UK Biobank,4306711,,Carbachol,SNOMED,Exact name match,1
35816926,4-1140909504,ceftibuten,UK Biobank,4301315,,Ceftibuten,SNOMED,Exact name match,1
35816927,744-1140909504,ceftibuten,UK Biobank,4301315,,Ceftibuten,SNOMED,Exact name match,1
35816969,4-1140873258,cephradine,UK Biobank,4305264,,Cephradine,SNOMED,Exact name match,1
35816970,744-1140873258,cephradine,UK Biobank,4305264,,Cephradine,SNOMED,Exact name match,1
35817090,4-1140866138,chlorothiazide,UK Biobank,4159494,,Chlorothiazide,SNOMED,Exact name match,1
35817098,4-1140884198,chlortetracycline,UK Biobank,4159984,,Chlortetracycline,SNOMED,Exact name match,1
35817099,744-1140884198,chlortetracycline,UK Biobank,4159984,,Chlortetracycline,SNOMED,Exact name match,1
35819031,4-1140876154,flunisolide,UK Biobank,4023234,,Flunisolide,SNOMED,Exact name match,1
35820663,4-1140874438,mefloquine,UK Biobank,4301307,,Mefloquine,SNOMED,Exact name match,1
35819056,4-1140863110,flurazepam,UK Biobank,4305266,,Flurazepam,SNOMED,Exact name match,1
35824303,4-1141168436,tiagabine,UK Biobank,4163774,,Tiagabine,SNOMED,Exact name match,1
35823310,4-1140928384,ritonavir,UK Biobank,4305094,,Ritonavir,SNOMED,Exact name match,1
35823313,4-1141167932,rizatriptan,UK Biobank,4179696,,Rizatriptan,SNOMED,Exact name match,1
35823480,4-1141181708,secobarbital,UK Biobank,4156868,,Secobarbital,SNOMED,Exact name match,1
35823560,4-1140868808,sermorelin,UK Biobank,4193829,,Sermorelin,SNOMED,Exact name match,1
35823568,4-1141175192,sevelamer,UK Biobank,4217754,,Sevelamer,SNOMED,Exact name match,1
35823697,4-1140925852,sodium phosphate,UK Biobank,40562753,,Sodium phosphate,SNOMED,Exact name match,1
35823751,4-1140868644,somatropin,UK Biobank,4193831,,Somatropin,SNOMED,Exact name match,1
35823860,4-1140928248,stavudine,UK Biobank,4305093,,Stavudine,SNOMED,Exact name match,1
35823998,80-354,Sunflower oil,UK Biobank,40528620,,Sunflower oil,SNOMED,Exact name match,1
35824369,4-1140880460,tioconazole,UK Biobank,4217093,,Tioconazole,SNOMED,Exact name match,1
35823016,4-1140857714,quinestrol,UK Biobank,4134366,,Quinestrol,SNOMED,Exact name match,1
35824449,4-1140861832,tranexamic acid,UK Biobank,4297676,,Tranexamic acid,SNOMED,Exact name match,1
35824480,4-1141152604,tretinoin,UK Biobank,4306841,,Tretinoin,SNOMED,Exact name match,1
35824519,4-1140909816,trihexyphenidyl,UK Biobank,4304293,,Trihexyphenidyl,SNOMED,Exact name match,1
35824570,4-1140875852,tropicamide,UK Biobank,4307018,,Tropicamide,SNOMED,Exact name match,1
35824910,4-2018602634,vigabatrin,UK Biobank,4149304,,Vigabatrin,SNOMED,Exact name match,1
35823238,4-1140909754,ribavirin,UK Biobank,4298916,,Ribavirin,SNOMED,Exact name match,1
35822931,4-1140874776,propylthiouracil,UK Biobank,4304317,,Propylthiouracil,SNOMED,Exact name match,1
35819280,4-1140874472,ganciclovir,UK Biobank,4159626,,Ganciclovir,SNOMED,Exact name match,1
35820545,4-1140881330,magnesium hydroxide,UK Biobank,4301194,,Magnesium hydroxide,SNOMED,Exact name match,1
35819368,4-1141172616,glatiramer,UK Biobank,4159315,,Glatiramer,SNOMED,Exact name match,1
35819705,4-1141180314,ibandronic acid,UK Biobank,4225166,,Ibandronic acid,SNOMED,Exact name match,1
35819852,4-1140870102,interferons,UK Biobank,40526755,,Interferons,SNOMED,Exact name match,1
35820112,4-1140862668,ketotifen,UK Biobank,4164047,,Ketotifen,SNOMED,Exact name match,1
35820331,4-1140872320,levodopa,UK Biobank,4299879,,Levodopa,SNOMED,Exact name match,1
35820365,4-1140857092,lincomycin,UK Biobank,4186994,,Lincomycin,SNOMED,Exact name match,1
35820366,744-1140857092,lincomycin,UK Biobank,4186994,,Lincomycin,SNOMED,Exact name match,1
35820377,4-1140884512,liothyronine,UK Biobank,4247536,,Liothyronine,SNOMED,Exact name match,1
35820437,4-1140869542,lomustine,UK Biobank,4298925,,Lomustine,SNOMED,Exact name match,1
35822889,4-1140883476,procyclidine,UK Biobank,4301094,,Procyclidine,SNOMED,Exact name match,1
35821197,4-1140874220,nalidixic acid,UK Biobank,4299023,,Nalidixic acid,SNOMED,Exact name match,1
35821198,744-1140874220,nalidixic acid,UK Biobank,4299023,,Nalidixic acid,SNOMED,Exact name match,1
35821404,4-1140872568,nimodipine,UK Biobank,4306035,,Nimodipine,SNOMED,Exact name match,1
35821412,4-1140928226,nisoldipine,UK Biobank,4304130,,Nisoldipine,SNOMED,Exact name match,1
35821796,4-1141192298,olopatadine,UK Biobank,4156726,,Olopatadine,SNOMED,Exact name match,1
35821923,4-1141168680,orlistat,UK Biobank,4299865,,Orlistat,SNOMED,Exact name match,1
35822001,4-1140863442,oxazepam,UK Biobank,4299060,,Oxazepam,SNOMED,Exact name match,1
35822313,4-1140884406,phenazocine,UK Biobank,4301191,,Phenazocine,SNOMED,Exact name match,1
35822883,4-1140869998,procarbazine,UK Biobank,4306891,,Procarbazine,SNOMED,Exact name match,1
35815387,4-1140868902,acarbose,UK Biobank,4299859,,Acarbose,SNOMED,Exact name match,1
